x1,x2,x3,y
1,2599.6759925282195,72.87097492029912,4058.389095753313
1,2093.7931525789963,53.455390608357426,3118.173002990902
2,2238.9442138668373,60.82709695594265,4092.636866693476
2,2362.050718401905,66.610689568351,4468.673233996044
2,2147.783637461683,35.19494224939069,3066.4897963660874
1,2139.9982127646845,29.518994833897374,2785.8851355550987
4,2103.554412254275,81.42720164598896,2801.137370813889
2,2096.9357678432234,32.09615682927424,2839.655765740844
4,1857.0872417189453,18.56952147826252,1903.4501081464955
2,2175.4117340690273,46.82181362826984,3453.411998228926
4,1942.2490750790002,55.69854561000656,2244.894522041015
3,2380.5897668402276,76.03294936821531,3036.3971833010755
1,2515.4729290172577,57.93461632117534,3744.320565906567
4,2489.6505911210666,46.66000970367665,3261.5664548364443
2,2292.7090173727397,53.69684222459011,3966.8059935698034
4,2324.3269690408297,58.28263588717323,2963.8226104673504
4,2165.394897669393,19.923566822088237,2588.119442081775
4,2501.4412594048686,62.79578747664238,3398.2902083423796
4,2056.0442744558127,52.032191580001616,2487.6145484690073
3,2150.8197745516436,46.16202123948448,2676.48670572942
4,2360.1636559434587,57.36571518285246,3082.4497418787864
3,2176.077404111096,59.0490512037693,2766.3957632149313
2,2158.775152363434,69.7278278642159,4207.01345882621
2,2143.409182100584,59.44957501713303,3840.25527582869
1,2107.200539863073,70.54839875006274,3473.662753282303
1,2377.705395215563,46.33884134552211,3256.8417072540883
1,2273.3976136937604,32.81470210801592,2911.624009430578
2,2013.5493140344984,80.1222602280408,4446.292830105895
2,2489.123058562082,40.40874224352809,3777.021214282585
4,2061.8228048759356,59.55707434047311,2587.878350093495
4,2451.873105147018,51.00891101468055,3185.684199286219
4,1920.6627456132437,35.83778063283002,2225.2535398116715
2,2165.2641261705553,58.216130974129925,3883.311522859658
4,2271.8666606259703,44.233357726588665,2838.495773965628
2,2201.34743155585,52.38649054135975,3745.322852795823
2,2567.2104657504838,35.6730401258193,3799.763854471119
4,2404.618666564138,13.738076858199932,2950.972068591588
2,2282.9164725686564,20.899263706082344,2852.9251952608306
1,2291.963296054222,35.23717414803979,2979.0828817470083
3,2493.8820736147522,44.99909900858314,2865.361102499025
3,2324.0066273022217,74.2479871569009,2868.745362155275
4,2278.192657926339,71.07725650919718,2913.908925106442
3,2340.9148016419663,40.07305256820525,2732.4969923291137
3,2232.3044359208975,76.64048395155706,2981.061037791356
3,2191.0826608342936,39.61479647007984,2729.2300890117085
4,2036.6458553823072,75.50373314929584,2585.55971186934
4,2091.662726575456,32.33707737748486,2449.918116721124
2,2115.2373926399036,45.005135876615846,3331.8206634775934
3,2412.6247711299798,42.433475880701536,2827.990947878538
2,2432.657620444115,31.62182798391227,3464.4457109584837
3,2012.1698254614964,63.12346080250637,2711.621890821606
4,2489.7279357621087,62.91360971622362,3257.3543405776004
1,2322.9255998570993,2.556300548873338,2387.44209537093
3,2354.1469279947883,39.75947034034331,2667.653150933018
2,2183.444381689325,44.887317886384864,3374.1803450574034
2,2564.818551511912,55.47565244816239,4636.947237329991
2,2358.065812754371,65.03188094416049,4481.510738614015
4,2218.2235285364236,54.43927408746169,2805.5229302256303
3,2585.5755166457934,57.24013425053619,2996.6888235389224
2,2152.4782843703974,51.90111465597533,3522.8786427476225
4,2078.7597068630703,64.82690323409103,2609.39077303783
4,2312.530717077423,29.67814362681269,2836.633617175667
3,1966.1337603269476,46.28572117328125,2621.66548026401
2,2566.70241907087,41.0672127061157,4044.746555109991
4,1910.7157918427754,66.98842860327748,2317.052100509617
4,2356.4932207708794,66.79039996132708,3120.4518575257966
3,1973.58415182743,29.741611832142492,2578.5127652367783
4,2079.8457832492472,40.831734893229495,2446.98398655119
3,2359.7639852085604,65.47314133055912,2921.4791751896273
3,1930.735968790647,58.07154995688043,2644.8555295095143
2,2070.0136482831863,64.79455146002596,3842.0591321734114
2,2207.911600454273,55.552010618695874,3880.778030032732
4,2063.708706370655,54.20412743841773,2453.8517369837537
2,2199.5151169195897,64.03341642295297,4114.238814781575
3,2551.2686563667103,43.992249083445095,2881.29026835294
4,2196.9631774786153,18.078193748603695,2577.7936445594323
1,1961.5619676243468,29.119472143557118,2523.606277729472
1,2323.1603470015493,83.84427526417414,4041.790262168471
1,1915.9896463286034,24.236888766256804,2341.2093614049613
4,2206.850235928025,51.510044443971694,2742.0670300755655
2,2436.04528303323,59.81721796063151,4418.513061982132
4,2236.2024741198825,16.416646717399786,2631.507474538761
1,2124.414150804504,57.65108923010489,3285.3852954068548
2,2391.338193838689,24.95128121403461,3009.044159845869
4,2238.971034301665,25.73297383419277,2641.822723715116
1,2212.7799363161066,34.20695227306288,2929.6034434940457
3,2205.7086587923113,66.3777917718597,2838.3741434694266
1,2223.206123890577,51.56440052782203,3242.000669853782
3,2154.952925357577,65.06924586013488,2765.5584403325856
1,2374.412205721013,34.41346714011493,3046.717819921296
1,2529.4999792674425,15.190309954515378,2812.81921644859
2,1991.373537983856,24.076908140452055,2366.8984740268925
3,2066.559872310824,40.01205976255649,2670.2360574491927
2,2393.6841665369484,64.17647416243219,4514.3586211024885
2,2425.6338973038855,28.42111121037003,3314.0916760950076
1,2186.4246556866933,27.417035765390683,2720.446511154909
4,2076.967877043285,31.932482901117737,2375.401061289731
3,2148.6120860918577,33.807387551992505,2549.83174375794
4,1843.081802167177,36.022118982527445,1899.8564794228987
3,1903.868138345963,69.77248513381443,2680.137595718387
4,2183.3620800770277,35.71024465099544,2588.3169467412235
2,2313.997864099888,39.143620235713826,3503.4760570891103
3,2017.2620366385963,89.11744600391378,2927.896581565905
4,1837.4815619331753,47.2670343887343,2011.2938637478242
3,1872.553656251924,59.32317200501369,2523.8405606043593
1,2318.8267494504134,72.33535446208153,3729.252428097418
4,2842.576727054378,47.84187984745547,3928.489303764
3,2463.81373457689,71.77153928229347,3025.574693489918
4,2318.3934904989283,49.30023569185511,2938.6752924310044
1,1942.0149793054038,70.67089406030452,3456.696962293372
1,2111.6680072238382,62.23393818979798,3316.2766368774955
4,2013.2829919169349,54.20355896599935,2398.347564948451
3,2172.5327387142015,67.7586443648102,2845.373421339189
2,2129.350088596747,41.555219171703875,3154.368035025151
4,2431.4200133585973,47.283439558583446,3116.4931076294283
4,2132.2995798760294,125.49244177820094,2927.0969072655307
1,2111.978468422352,35.54468477559104,2819.4842949572662
2,2239.210118343774,58.01475294826238,4052.184152737341
4,2153.9533980666765,30.07046322145562,2561.097422939602
4,2160.8661899815643,57.799210373913674,2683.422410649339
1,2270.8200986473785,74.53533873530205,3741.7888560325996
4,2431.599402521503,71.0817947419836,3351.9908962981995
4,2326.7163795507295,35.104380919430156,2834.586006417547
4,2268.2746271830924,21.874722465846858,2721.945657703766
3,2188.153711188924,37.5235464806688,2698.920030469528
2,2123.0457984958643,59.34818226779394,3789.2610325122605
2,2309.0776087295735,68.41326201449782,4520.260262081689
1,2333.6997680641416,41.08495300040811,3082.389001356991
4,1917.0102424211204,59.72673050795365,2214.8380085190192
3,2227.793684112486,47.51382243473928,2766.8218626505322
2,2483.834332383244,30.304045583340546,3502.9378987724012
2,2059.740633459851,45.356035828596475,3260.879031393765
1,2144.0287292708385,63.21185911567547,3456.113118256065
3,2334.999293719252,35.1678675196428,2666.634390997384
1,2098.366460192475,59.03731135023235,3255.735206933674
2,1962.4853844982167,11.853484710479052,1902.4629363916076
2,2319.918107288744,37.88452928783092,3414.677571893899
2,2292.4798579461217,59.73769220025994,4171.298061838998
3,2174.736066099551,31.286115704950276,2567.3763017143474
4,2160.229856552245,54.05683844933977,2628.8731045015948
2,1919.1845234197333,48.285233848159876,3071.2650011238875
2,2106.3813337755273,70.86153460804793,4186.724114764396
2,2206.255246863917,49.78026962029374,3590.453191258351
3,2261.964656289814,-5.714305771820101,2525.771172031394
4,2117.8682780155373,58.99970559357775,2647.6367397180547
3,1742.4437756821155,54.01672675946968,2576.815708747662
2,2269.3915459443792,41.79377843964336,3430.63582973549
4,2378.3933460651965,19.836623947548556,3019.8677081797628
1,2305.2231299215496,69.34632693805325,3719.4836607978323
2,1978.9861454832392,85.04913930227642,4468.067909151054
3,1916.6456409430402,49.54343785175272,2623.1691975163053
4,2164.1152097716854,48.92480883071923,2616.6579820167995
3,2452.1007204023695,80.84241705479258,3042.814016859974
4,2108.654581138201,59.84078644576422,2620.749215585374
2,2380.4425043244337,33.011751445768624,3380.2662733893258
3,2353.715592153954,58.241703520543624,2856.7429751262275
2,2241.3029442178167,37.91160302932841,3307.5040957465394
1,2129.5023972967247,48.81680328874034,3114.57657718378
2,2028.5877467324174,44.28685223335418,3046.3186057170597
2,2240.397427608486,56.34764890777321,3920.286250221046
4,2266.231969885197,45.82636582875024,2875.6421045191514
1,2349.9157217826782,46.9566133952367,3390.553668513827
1,2134.5927023399468,39.87585153373884,3001.964996382117
2,2566.00568835498,61.69488494562987,4805.506250859111
1,2016.2301802338673,51.675424100178304,3090.0564886260463
2,2326.0350451088425,66.40015752000589,4390.113974352627
3,2381.396487986209,56.53926051364704,2963.61374820576
4,2307.9973934147606,48.80156877829148,2947.842683828681
4,2229.6042184640423,88.30223677223468,2999.030271538496
2,2324.218032610044,37.23900484671925,3392.794145846683
3,1978.7552435619978,89.12374224893236,2870.7223693318424
1,2474.801730727301,33.88596808321002,3136.522541963634
2,2201.021874774373,51.72525866617362,3685.75507511412
1,2323.7728194491,30.04933372463683,2963.86503523448
1,2220.468690989668,72.32396087600847,3684.678748117298
1,2534.085485416086,40.24149631545515,3394.577915266491
1,2148.576910829391,59.933821665915076,3423.3463387449046
4,2066.371485072882,72.53236723536045,2594.8286186973473
3,2255.1634216412,51.329789300648166,2793.71665662159
1,2335.481899537322,80.21454918191377,3892.4468342324362
2,2064.4902154109814,87.41973796925039,4568.285442800965
4,2473.5784965944426,20.19761748339791,3146.806212545477
2,1995.9677414660284,68.62753132421346,3939.4021013207034
2,2060.8496839986506,38.99262027778275,3012.554714923272
1,2295.090207934616,39.47962701280336,3166.581020634746
3,1862.1583527556443,46.57316445617618,2558.357802484848
3,1926.1062604245158,25.69964317491081,2474.3401377379823
2,2280.8414739001605,25.318601269410415,2861.936723929164
4,2168.4293787465363,65.37241108974447,2678.552162844952
4,1937.9875199711455,59.77771335476541,2260.380524586203
1,2481.408096142358,53.15543458226218,3596.587708105861
4,2332.699517256734,82.68015741307138,3142.5549265539657
1,2279.9000678402094,47.77889985853515,3305.5003982655585
3,2404.2723776611247,20.018856393086445,2728.299517031393
1,2041.825387415962,68.49538646168506,3398.2554284689973
2,2133.257252508364,47.29602019574112,3432.2211395418362
1,2292.791472093312,39.71339612537543,3085.904966224557
2,2312.2342577628415,50.03348970978481,3795.982359771194
1,1977.1963633707376,56.932423440044744,3119.8466646676043
2,2494.564118486679,42.79682644401333,3876.6677518501842
3,1847.538016135325,32.12753788090046,2430.5066426810267
3,2582.246898027121,-19.90441747866663,2595.94576748326
4,2814.0942051571237,48.76754392230155,3907.32677471191
4,2218.5981106442327,55.739222212015235,2726.2725640982153
3,1738.7014790802216,61.8178558874445,2581.3370562257282
3,1655.6167014433813,36.96221041174722,2429.9865248860615
1,2409.2433602244396,71.40407217583352,3874.175762850241
4,2228.7844815147814,30.940491759755947,2680.5561665747286
2,1895.1324239791688,32.69386065793374,2411.688573784082
1,2257.999334977332,42.1372056825959,3057.7587987770844
2,1869.095943447839,27.125328024431937,2168.363997507795
2,2475.4762154615396,51.9281767876726,4270.8471438943925
4,2283.208222037262,54.071478443968445,2844.2310711680966
1,2313.2276620217226,47.00535380694234,3238.355455299329
4,2356.4965702623326,73.50809872919511,3190.5022326776507
3,2260.139853087643,88.26081054838117,3036.760627160931
3,2147.617462072011,73.75654541240839,2907.170280633125
4,2207.736559698335,11.523983905335498,2640.219223087705
4,2459.7719075994287,43.1769564399391,3111.5803393538786
4,2468.452279157324,86.09488307392867,3367.8129891068725
3,2133.3570053115395,59.86163443799989,2792.3493520083316
2,1926.6245492078317,48.89241605362282,3031.37268028616
3,2132.6465536829933,27.921455101281538,2641.7874631924788
3,2376.5678360775482,56.30886662659994,2889.88834698464
3,2046.507360168613,41.951152785634044,2559.424263744205
2,2343.389058839306,44.83516682857042,3817.157027311872
2,2107.9529207349938,22.8219629504308,2564.7627147936673
1,2171.1720344958962,74.0427334384238,3634.6303376340547
4,2196.9501553353757,78.56385066475184,2928.679180551666
1,2203.656921310976,42.28074722060108,2998.1127743708234
1,2316.900701747706,57.29220614823086,3424.2764009952557
1,2255.6202631348892,-8.877445725178816,2089.719831133192
2,2201.4270841190546,106.94044452687588,5666.308331087292
1,2143.050400625413,50.93822429557635,3148.5717671228467
3,2062.8667511683143,37.59194046443009,2604.6046257342855
1,2078.307231794116,55.48889269666184,3208.716574801988
4,1941.7936878942248,25.467944129095454,2084.143944380693
4,2234.4943668981614,76.79774363240026,2810.4937747623326
1,1950.447518459634,40.34034853315388,2642.9336212625285
2,2297.0406710302445,61.39276312222691,4237.291065283089
2,2236.6185550599453,33.1784225816626,3084.7073132105256
2,2036.7903179240402,48.275859406996446,3271.8271706631363
1,2076.42056506526,60.191752901347385,3302.1229377216123
3,2151.84844092371,65.01869236569034,2835.4778957191725
1,2282.381255450248,35.388949838034584,3010.3601337235186
2,2122.668243124845,35.18588164087742,2960.742430096092
4,2498.5465169488916,75.95407515345605,3491.5772684726885
2,2285.9967910922305,38.95155563844768,3451.3548436962756
3,2251.993622212852,65.73977879411896,2918.1964435925634
2,2183.831184217897,61.45581137171037,3993.7069089343277
4,2352.5976312414123,31.3481771761732,2923.0957513882777
2,2145.3032085099126,35.04797033454206,2928.274431998098
1,2189.7220506941094,59.10576933422055,3368.2570065830896
3,2109.75662666866,29.981933865991216,2641.299203603369
3,1984.852395506561,39.4900105871984,2488.529369832449
2,1996.6334355298072,34.32595094512255,2795.0986425098945
2,2127.3130781910495,44.90958397818955,3400.101402704502
2,2036.9288281612405,71.58011091790813,4146.550678604373
4,2054.114881928215,44.642501906603066,2355.840685776534
1,2131.3743464399718,60.936134817626126,3332.50528929188
3,1899.9525737434292,82.66850187365667,2718.49068170344
2,2062.8309774820186,50.906329138890285,3347.693823966074
2,2311.764866543202,40.17241509714846,3473.2737725530583
3,2237.4669853079886,52.73463754652307,2777.9196588328114
1,2241.420565100317,26.93948738779875,2747.5819939668468
3,2367.4954996130195,59.27403555215472,2855.9589903199426
4,2504.217561677925,69.43805115091297,3381.987434132629
3,1928.3059405645715,63.50317261823161,2641.3188923597263
3,2281.5394751600998,17.646516356704865,2640.5974639835963
2,2156.2951294352115,33.37446331800518,2950.846449873665
4,2542.933545394672,45.89872760964179,3379.5702649976797
2,2280.7162749305544,70.77227174995704,4614.074317161498
2,1822.8181906475315,43.871898921843595,2637.5723637429082
4,2252.918294764358,35.01111060137583,2710.8987343405206
1,2021.3839375097286,19.64919349568798,2455.4068527888535
1,1997.4742209675474,68.90432424108381,3339.2352179283816
2,2261.1180793173157,58.42081125954675,4075.1868956124918
3,2213.483954474762,62.73389841077292,2850.554935200138
1,2236.4582519180326,48.16499059339948,3193.5704936716284
3,2248.260545242187,35.68690797806142,2617.289446913732
4,2443.3926367786275,73.37549223132712,3346.532132601295
2,2295.5298601638433,62.051491097714624,4295.1454251261
4,2407.1526186890815,60.078302456977504,3214.9548561877364
1,2463.120879121771,43.996423655394366,3405.648865804662
3,2201.837678143907,49.587703505798274,2808.6107080447223
4,2272.804370874113,23.69005951563492,2728.699276378043
2,2335.093436133488,77.184180111946,4760.521262402301
1,2414.67060014264,60.75407136120597,3689.8397064571377
2,2735.4688091558173,50.75067263333816,4752.326906573845
1,2479.5102101996818,50.36355224980195,3491.616846102279
3,2139.430630685836,22.95389610196746,2510.1010336657027
2,2487.503110159941,57.86331908095383,4523.768082615219
1,2336.22488288985,53.41029110564265,3367.0688806396975
1,2120.461006278289,33.97265303582784,2790.455435338343
3,2553.122860780863,10.021000848810786,2764.869813964385
4,2193.0745388198607,76.61824873249512,2886.288241620804
3,2290.6627679096214,86.45674950223608,2952.8221998378704
4,2232.477426400912,75.43632838384013,2805.518081238333
4,2305.0726292895797,64.02470349430665,3049.6188287513874
1,2221.2810358819447,56.87315881403694,3387.8046456341754
2,2100.157481017057,49.17757040313786,3387.1114502156506
4,2348.0200362553637,49.93114270113142,2974.1784785602676
1,2248.8906711494133,64.01037805557199,3505.0959325907406
4,1881.8517176870791,67.75689187426238,2176.253892116716
1,2240.2597271687337,57.2209650723729,3395.5171090167723
1,1744.9622122364513,85.58423494234998,3466.374595249751
2,2397.4796543489824,70.81069428223141,4698.7655186214815
4,2161.606670933679,62.843182388886774,2711.9424997646274
4,2039.8285205442878,52.494789309340405,2412.885679346624
2,1963.1995944870037,49.64383967401307,3108.3530354128034
1,1932.379922506745,68.26003286212642,3402.777594149515
4,2189.596529685511,80.17418621488494,2826.822082915953
1,1952.3597794036903,45.69853546783171,2806.1137975957445
2,2051.815445703522,13.394074039681612,2076.203881142028
2,2240.552033784201,7.906071626250828,2258.854994039711
2,2155.7889360760714,49.07034419814818,3508.172496490521
3,2266.969051402255,47.620985278259596,2858.9209081439426
3,1769.6866486075437,58.72175268351501,2496.107618713643
1,1983.9080678897622,37.07760717375554,2723.2021057528395
4,1725.0068542642107,35.8024148998623,1733.7867300608132
4,1835.5826587135919,65.54682761252394,2208.430102293197
1,2349.825719924975,34.53983083065801,2999.7785460990517
4,2330.5556999197183,67.35001076392349,3026.5303642424037
3,2210.1061483028066,76.45621803607848,2803.1721332273955
4,1867.7546051430497,28.091038971949583,2054.31204182888
1,2235.175556145481,48.037681758050724,3131.8861590840397
1,2392.347871878967,62.35819357171773,3606.0221540428656
3,2140.261464113615,7.148357398085146,2652.201780341592
4,2199.9206635289124,92.57647421039995,2865.85644074322
3,2255.573104075762,44.02894574138984,2706.724096116313
1,2540.16784341024,64.9011481645288,3901.549525104631
3,2137.572873638068,66.94059018000262,2761.743643823508
2,2123.129456915963,55.12059461174307,3634.5712742143514
1,2502.1369067806177,60.228958700245286,3709.1684198859152
2,2193.6381597696886,53.067359698213785,3681.3746209464516
4,2270.5776972307312,56.978576930908716,2907.3523608032137
2,2477.360244421794,49.47842108438733,4173.746804094447
4,2026.9667033461908,40.869019388704906,2443.731198727714
3,2418.832637867652,65.78638602140379,2946.9056736156926
2,2577.298060289214,21.169871006632228,3339.4233771148292
1,2177.4496029414186,28.16825497861505,2818.227631003384
3,2483.6613173838564,67.56755133266279,2824.554773557679
4,2177.0463686801413,89.53879401521633,2912.1745066811623
4,2424.9827225353724,43.12615246430681,3213.6097114290133
1,2293.510578441953,70.79835553564108,3660.052119964845
3,2440.3224959817107,33.19841421832878,2725.675946692514
3,2166.8010091257574,73.62672498127571,2838.0448042564303
1,2379.240600941148,47.96803147072783,3302.0748838036
2,2294.543192712125,71.70052710737204,4609.823658218007
1,2014.7366382884816,37.50930828998982,2853.062738409839
4,1867.9696605661086,42.83127134613416,2112.9217051177006
2,2566.124975525721,28.68677089362718,3606.3700653428054
1,2029.0035503366144,83.33367933350084,3722.5688008236484
4,1905.018556592166,18.44777555459846,1904.7014114684705
4,2289.5523093799197,33.44376018393375,2727.3856302401873
2,2189.506945035737,39.894211974213626,3313.215440979158
1,2271.076803003539,93.50867746546311,4227.270048615881
3,2011.2821338688789,28.42867231130704,2527.3287630852114
2,2030.1548341412936,18.530012595947852,2187.6895582697807
1,2763.5032325107313,59.773039805151114,3962.5175767516876
4,1930.626950262164,68.67154021407634,2300.494846911588
1,2175.554915208972,83.20553954486365,3878.9693923643795
2,2041.3017659583625,81.51456104265097,4457.914767638836
1,2447.7484002371816,26.345632426993852,3014.067996310912
2,2170.167007222751,37.10452632379411,3066.509507119843
4,1857.3026667108911,39.5371614066591,2077.7611245448816
1,1930.2972428081657,40.85665158210934,2754.538055663903
3,2131.524088671307,40.360266548296295,2664.524128475938
4,2185.6923912098805,45.37489325694496,2721.6867561156782
4,2269.084643727131,25.175851101566018,2763.0698305034152
1,2013.0600851521986,71.88358950668182,3480.044196843149
1,2573.4486696064896,39.17976435705777,3390.7418658083666
3,2180.4236800289495,55.49084163848009,2701.163061404714
4,2491.880982929319,46.84635089506867,3275.83854343883
3,2102.8787003437174,49.97135445907268,2699.592681540916
1,2062.890246595724,89.0671128442044,3893.139160711521
4,2094.577555007727,79.10306330711943,2652.1047822588234
1,2485.1534938689556,65.82701714170776,3850.7797393246774
4,2212.9817821926645,64.04306951323645,2889.323800548879
4,2233.675289185927,59.168392451044625,2786.757532952011
3,1858.3096500253714,57.76469396053883,2482.9063890349476
4,1948.8428173432499,71.8814474857037,2399.145547777215
3,1975.0487285414868,47.296213897350285,2594.5327321629734
4,2036.8364552710796,19.50366638072729,2223.815066902747
4,2315.8440134945026,4.080822847294627,2783.7300693780026
1,2173.6807373537035,76.73639705781618,3668.865807738652
2,1899.4030144404082,12.028765640565418,1762.3857029696528
3,2287.4735008383877,32.84553593073678,2727.441878186586
1,2623.066607112558,34.14319468571206,3255.27940233384
3,2191.8816658421606,52.87041709545481,2784.448822427863
2,2286.7841417127133,49.447437949327785,3785.063118987511
4,2498.3175763696327,76.67853439630215,3460.590980773536
2,2178.557671151903,88.78663618100421,4898.392961111567
3,2110.630461695188,49.118256601990204,2719.687166969079
3,1910.94822876209,78.54200468631333,2725.674253433112
4,2318.621072115213,52.88344953495606,3074.7970419199005
2,2224.4267554707244,23.282171477205583,2700.7351691384674
1,2503.400157816935,28.821511843596817,2988.246659573318
2,2573.472238512993,20.17083090564922,3213.9292923924295
3,2229.327542172926,57.33271562381304,2813.671077131611
3,2163.9776260432413,44.194411995829725,2608.7046781338595
1,2120.9207754506315,48.65446406221332,3091.7356861141434
2,2223.2970899073266,60.706878134670696,3984.1822889616983
2,2358.278687830387,56.276552943095204,4101.618187580358
3,2294.0456041377834,77.34130177259658,2944.950310982061
1,2359.87861000789,57.312182349350735,3511.601528594547
1,2074.3174358412743,37.378705553591445,2866.3097791111268
1,2447.9761087420006,34.69586921434647,3207.857772744647
3,2142.432535073173,94.2080244597844,2968.5696389943823
1,2208.8532827411514,38.10616297551609,3000.28948427557
2,1915.4202690568368,39.4122426652749,2675.537763192741
1,2379.589850298316,63.310705588825364,3603.2038396966514
2,2785.3875238401392,54.370079380858215,4817.7158395642255
2,2154.570962862596,66.75490137190414,4071.9742151801497
2,2393.5413358691967,1.7245466894749057,2252.7007279631584
4,2173.5700796495494,55.62902055727505,2718.8763480675852
1,1920.04500924797,75.89032934407999,3520.6294355482178
2,2216.883325573181,67.5554849633434,4256.667419006128
4,1788.6253376109426,55.4933709980132,2055.8908424727565
3,2011.5809567057672,56.877381663564805,2693.008971976008
2,2093.272992088,43.638336770584644,3271.811897278034
1,1978.6392791003186,55.586656822045526,3125.451536955824
2,2166.4180820948714,31.126990946345554,2878.8712401617986
3,2098.2367338213207,36.58051252417492,2645.219245580501
4,2164.5511440797845,75.90518519086696,2806.057523511295
2,2179.26087130251,61.80974948024714,3969.3276398285693
2,1859.7137193518167,43.6551294835529,2804.4471401680507
2,2404.275810103145,40.6664960434,3726.639969251193
3,2414.0505812822557,51.357256614394075,2908.046149351596
3,2162.717586413019,55.15720830362012,2734.131397775144
2,2340.3258269071753,33.06175112673951,3344.9789692143427
4,1968.6400596447145,42.73492960476231,2229.300750933791
2,2344.6754078960234,46.652030050572044,3804.458839880075
4,2374.274894441289,60.492645072886745,3153.853175185564
3,2261.373223151326,59.90772771065143,2808.1786765976394
4,2311.289529267934,28.99156829470963,2897.5345448813873
2,2153.5679216960707,31.222105161441817,2866.959921398012
1,2036.2393735671556,48.93803029790584,3046.5252268499735
1,1988.2046243534116,36.850217826763796,2719.8401730822384
4,2244.3414381097728,23.30953734470487,2720.122582911303
2,2187.4941448908567,60.61422641213404,3953.8116846671087
3,2041.5805881599827,34.62730292996544,2502.8170419438848
1,2317.6700301336705,54.3227901497151,3367.3857438113682
2,2158.491030661659,40.52608421480866,3302.4292857774453
2,2053.019899587,50.66115285062468,3446.7946068400065
2,1959.1417504277883,84.53851215318403,4373.2311485103
4,2172.358278607263,24.927322750323064,2587.624098989093
3,1850.2968315035328,22.122164746152144,2423.8647712767997
2,2092.4180266066737,49.27685655094499,3325.1663945803875
1,2273.72093083386,23.90347120318762,2676.289646003812
1,2074.030783043623,66.4866585384273,3400.4097093142277
3,2272.617616409021,48.81393151361439,2800.538419762313
4,2263.4880040537873,75.62255323347983,2906.8026218704035
4,2133.2263597416268,63.375929973240446,2702.8369806587452
4,1895.2559351718473,39.43005324405229,2150.397952687154
4,2068.7402662471695,23.836543450567028,2345.441541445856
3,2269.78476755737,57.82763790959437,2790.5323435657783
4,2177.0984962934463,64.68629885747231,2802.3236294511794
4,2258.4355290976346,34.41592093771308,2839.963506297777
3,2396.519984919663,86.46165648380665,3035.045697487607
4,2112.171999546662,70.99138331785727,2637.477941930817
2,2077.4825210225144,66.6028627260801,4024.2855396741656
3,1977.3108271186072,-19.40343818941858,2323.025556961568
3,2235.0728361294105,82.74297618274672,2958.965859830975
1,2287.9587309095214,79.32145227820108,3870.158020300779
4,2213.422695093452,42.01432392960422,2706.6691804425004
4,2105.4446423315258,45.913582272564874,2555.5294377249143
2,2289.2735056212264,38.11576513275648,3288.2216996946145
4,2111.677399422308,22.92956966889569,2471.3403715910035
2,2292.884304883188,34.27822573872529,3232.0897371845413
2,2184.631075226819,34.115751165778136,3018.152585927009
1,2397.453849962303,19.306522928341202,2778.133966430387
2,1904.2132206441815,32.59687496192258,2465.564228534645
2,2196.0848403865193,47.47953107990986,3488.7931930914874
3,2459.329795277848,44.21514046565462,2819.122366274957
2,1968.3489951199829,49.142468313828275,3177.8643795923012
4,2049.990143134162,41.440401592338276,2477.2679520785805
4,2153.0921418761986,-1.349430633771064,2353.8492375435844
3,2369.043036860796,37.85401950898118,2792.038224767316
4,2545.682854336671,54.42318652889175,3364.3504578816064
2,2448.407633646247,69.50745412337471,4790.503442678227
2,2403.812999887015,50.59908746200841,4036.498115958366
3,2089.873938281192,38.678288659706354,2549.2595868877283
4,2010.2184051208292,68.93025803794143,2457.8204601978928
4,2286.6751830434428,2.997091007133207,2689.8107312496822
2,2107.9657118673376,31.93210831841004,2818.769225399284
3,2087.1692744567495,46.80851934535561,2655.446159635991
3,2375.2236025824955,47.73856618084966,2826.0872803677116
3,2525.9347917432638,45.49885605425005,2831.4217621278867
2,2520.1804076381873,-9.199709737320845,2232.4968257104856
2,2145.8147363080875,66.91994415578017,4160.18187657401
4,2226.5980139826497,46.88040591234837,2748.748792667824
2,2279.343976048387,45.042600898840476,3641.4963196673384
4,2042.1713972319224,41.61379821801959,2400.078762486615
2,2314.9033975685393,72.22810896257783,4549.618513980755
4,2185.361373317698,64.34213346769613,2787.848724395087
1,2002.0044581771897,52.48406917178755,3137.2870353987664
4,2047.8232179894917,16.986174587554224,2223.6646193303145
3,2289.223957833336,78.63482583316406,2912.727910846761
2,2142.224124758166,43.70203134397155,3209.7714821734403
1,1983.6158862972459,77.1452930373232,3467.8960655554674
4,2218.7069851157266,20.29999479932178,2610.5911539967374
3,2442.6465256204674,54.62928741831345,2811.052128471437
3,2164.8524326839106,67.98957206528232,2787.0790255364927
1,2364.891539680597,42.52343630933772,3140.408803272726
3,2182.705982848861,38.24317278591832,2639.7367516774643
2,2227.7326556315825,57.31119296157836,3890.787438760768
4,1970.8346236462703,25.93160098293393,2159.7572551648136
3,1848.3511966976066,26.24794179076296,2470.2216136211227
1,2303.984700215653,46.51157191151402,3308.5713569912764
1,2006.9783113089918,74.63867083901135,3504.809607361064
2,1856.7201480500667,71.36793410567415,3826.421680772459
4,2093.3403170751776,-7.143069024265401,2246.0230164740933
1,2190.013175461092,68.76945121165274,3474.0051546713576
2,2263.028075463895,34.72679599495369,3285.772428325643
3,2447.9474020799166,75.59838839404824,3041.3423447596333
2,2196.8528491820844,88.3262330405403,4936.561649699013
4,2105.6052784476137,70.56562911776223,2690.434514313134
2,2483.242799875408,55.0519254881349,4360.694167558748
2,1973.3954632275552,75.40557806278244,4032.9845478466827
2,2236.1762614308227,68.32589200773246,4365.222890765947
2,2424.0358691798447,43.63611126581288,3783.3109690957735
1,2138.9360982112407,37.93357523547172,2889.8954893618497
3,2045.4193608929334,86.25599901753141,2883.4511390458856
3,2079.694106266373,33.81371809257563,2626.626439745079
3,2381.464501593702,31.103744584423673,2837.1089198119116
1,2128.6441541563254,49.58789866733104,3060.9092119322377
1,2323.8259515759,69.4559375432155,3744.724646873876
2,2187.9071859253354,24.233005708889106,2635.049727690145
4,2426.372492199519,14.043119125816062,3061.112245844321
1,2241.6338210026106,50.485120991225344,3255.6780223611386
4,1966.4736505200635,35.218160178965846,2206.2398796343123
4,1894.1061005879753,41.2631242489151,2096.809240766164
4,2189.21236350712,46.65081675554563,2585.8322895801903
2,2443.743317993505,33.08602381967592,3531.8480711252896
2,2500.896388714608,68.95451380828295,4845.497660222118
1,2367.7619133184126,44.7554682893409,3237.3931073623808
1,2118.682494102592,58.232188463513054,3278.8564186436265
3,2099.72953475161,41.99344783648252,2604.4087738409826
3,2234.348393975477,68.54040421188294,2852.403542402759
2,1971.9612157867487,66.15303753989731,3798.688909013053
1,2312.483366628715,43.73905941297097,3139.5613754404326
4,2173.628519633631,65.31678503768332,2688.3428817487325
3,2101.0619199229523,61.68301958518292,2729.8728845268342
2,2317.774659832782,56.971141358655835,4122.445519828069
4,2036.3027485394077,42.18985897466528,2348.6745074117603
2,1935.498646068616,18.335537106987413,1989.2833814100422
4,2070.447426971157,61.700367164729855,2554.032461882681
3,2061.3498607661795,52.841293921238154,2740.0957966525584
1,1905.1741253546916,25.27967397330967,2364.007105737637
2,1950.5616982801885,39.18227920665037,2739.961884677032
4,2211.6802702148198,61.90030289863459,2792.9945922822117
2,2219.6342834955926,67.66390928534085,4320.5402273410255
3,2218.893593115744,80.55898851229384,2926.1879039254027
1,2378.3105912409856,11.251536183229874,2590.9403735802275
2,2787.8414902588893,52.36275529563737,4891.879787197361
3,2127.867199434651,69.5614170346587,2823.6898450832077
4,2235.8747893410346,13.811169534707268,2482.978969036731
1,2378.6997533302742,42.6133744922738,3223.2823761030636
4,1998.1144962481299,78.43028565148735,2514.672797119227
3,2426.6687809891273,38.96827016290004,2769.221369070152
3,2233.9762875263077,61.82352675265776,2857.900324059898
2,1972.1139799406662,59.84470883317018,3565.763715742889
3,2279.4413548584603,48.03996947065899,2803.3884120840876
4,2426.95554468563,60.5757274324938,3154.718585669215
3,2203.679979256473,38.87386982727769,2727.6170167096225
1,2376.164348620321,19.041220850937506,2757.387494655432
1,2334.285059710011,58.52490644097622,3460.304269599479
3,1951.8969099360745,56.80413383116253,2612.836441579603
3,1900.6050382282242,41.39290472070951,2492.2754463673896
2,2055.8177093764725,60.81158741564197,3642.4059094091413
3,2131.593629384604,70.42363047709202,2763.3026797479697
2,1888.8306928575728,50.07531582807559,3034.6051223475215
1,2309.427593952042,-9.173956579727388,2135.017553945036
4,2210.254495780385,34.812867965815094,2672.8859216316764
4,2305.8348376249905,47.89545340618201,2893.0484362463544
4,1874.1525138321083,52.34023947076851,2131.838101158392
4,1925.8471567351412,46.66621908567814,2220.1626542440526
4,2302.045495799589,66.08557895847179,2928.0511162527864
2,2253.650974913366,23.832066891689703,2832.987225896557
1,2381.921953443124,76.4810229006395,3953.4101952435
1,2210.113793674768,57.583325952088686,3425.6749826213036
1,2522.1849700116927,100.06889964299492,4523.844814250086
4,2037.294641948795,55.57067118109914,2471.3580666189287
3,2135.79536161011,41.36989715889446,2681.0452233043197
3,2165.6148509462746,16.795599829978855,2530.0921124803704
4,2124.911456716832,31.766394607607957,2572.690583276145
4,2361.487709130224,12.601482633642156,2797.7841356790027
3,2370.229436720961,37.704193922088535,2784.062117055209
1,2279.7144754166297,57.515419661232684,3453.851755987202
4,2128.559732720586,60.78841927061731,2597.4900722747975
3,2126.0360150329307,52.34409721133236,2813.589742014062
3,1827.5637420505452,31.53849994706285,2468.990057208271
3,1872.1852159342125,33.59007538404637,2463.549709573025
3,2829.529507479116,56.712831618301195,3098.230055165649
4,2236.10581969897,36.47279828363349,2813.1310103520887
1,2274.547778046307,43.94072654691731,3222.187304337703
1,2112.066010915275,53.1048383224809,3206.321586864769
2,2525.7586168947096,65.11767599050157,4844.277308182205
4,2186.834459198107,18.764732063717496,2701.427839519952
2,2014.7752286695718,54.9587390363843,3462.2141449795736
1,2162.308125121575,52.03177743301892,3164.6121120203225
1,2345.793124991999,66.0716866263322,3766.2818006369225
3,2407.0061619394523,55.69014190738277,2891.838363977382
4,2270.0986494558165,31.950071713078952,2753.3356256125553
1,2138.0516404553064,41.49928567783497,2867.9900497663543
3,2104.820991270592,62.78010786676646,2823.5508355111215
1,2468.0830597732033,58.81845483978529,3580.50472880268
3,1990.2971994873158,40.83383646085425,2583.5247869281484
1,2550.0283092321483,44.842924906742844,3468.191882091704
4,2229.7592152895313,50.28909277324766,2837.4588169075837
3,2042.1061782834636,57.28781509372966,2754.8630797459277
1,2176.6905529568025,35.0343495627795,2841.207385943034
3,2508.134985575819,51.40491965374134,2933.340076295939
3,2142.1224759902366,79.23275477261853,2888.7937951069825
1,1790.8237574723657,25.148715080412227,2329.4097544389797
4,2524.4468802363745,95.09270436514973,3548.5726623502246
2,1933.699689233649,100.91966056440678,4861.115374944753
4,2301.308106231646,51.76030940503922,2947.9721640136627
1,2392.7640977022543,61.04461452446483,3625.4680695824513
4,2038.0417631963385,7.842645494743472,2218.032097274054
3,1962.33791831709,58.97180263597418,2595.2643010041697
3,2205.0454631235752,34.46353511963305,2724.2107487368617
4,2124.627268285899,46.314394270320086,2476.089194487941
1,1957.616917301205,4.616414000429245,2066.6996305739467
2,2247.201440843725,47.73976322796715,3664.84964834894
4,2166.843736159556,36.43166197747957,2645.978015824465
4,1803.7313346327128,48.02978458509914,2024.1835528702552
2,2496.00231907016,65.7528876221858,4699.4344138837805
1,2331.49765849439,19.094398516767765,2749.2269452971414
2,1926.9116746898571,40.31041073166283,2798.6051740703615
2,2077.3268755674762,52.780988094745766,3560.914984664617
3,1904.2780535518714,25.836609126146556,2518.74603339218
3,2190.363621958306,40.05911147210915,2751.8703631494154
2,1719.0271753385853,65.79539483124543,3251.2898298694363
4,2249.325984324163,54.504020513263804,2881.9975317510093
3,2474.632015985218,94.47940835077475,3122.5879911574757
2,1979.1507559044385,33.36910165878578,2589.120737480119
4,2193.121620089607,67.86888577559202,2779.4314328560677
4,1608.7261849441788,45.20864878909815,1589.1238363915902
1,2207.0466746017746,72.89097272928849,3728.4347135838825
3,2344.0814270408387,15.638026754362038,2689.0763940578527
2,2028.5506189789103,66.69604221095943,3779.1184955256736
1,2260.0752340989397,1.7730348245791419,2238.697928394047
2,2121.6957789512658,46.51344817760432,3447.673213459682
2,1844.010921714785,59.19086799502905,3298.6173631573993
3,2161.987094626224,16.470518297392267,2579.59111195502
2,2259.8373898101245,78.60719454802114,4766.921680034067
4,2164.1263482504964,52.8129674089052,2703.0655527479958
4,2259.5414889839353,30.301447897117864,2699.5187687829093
2,2181.592165230232,61.586664034870324,3959.6753764404957
2,1828.098029585287,73.70782016017588,3802.0849858815977
1,2139.5226035833493,36.865465679044675,2802.371389014669
3,2430.7834053328083,20.398497619967483,2719.114834680569
1,2134.7104663008913,40.927873725607114,2975.8958301622833
4,2490.568945066547,74.58746764488166,3404.8370363547283
3,2090.2816031087777,43.4155963226144,2712.262068334135
1,2103.4055199862596,23.138962385710464,2532.13893672221
4,2313.070322736908,66.33756569339921,2965.749200367535
1,2004.694150353903,33.53227271623159,2728.7247025823476
3,2454.594800581005,38.83408723673769,2841.4783254525555
4,1864.000912525496,45.11105206445938,2090.4683776140996
3,1796.3831627217692,53.7961340410459,2628.872808085522
4,2374.3861414368266,66.78212542277265,3144.28719141657
2,2326.3078921701863,51.31028261706031,3919.815668045907
3,2321.7125999876016,35.303024331814036,2719.380937326945
3,2099.52999236143,50.83153853430936,2690.8085243250625
3,2384.346541169329,48.787686887493706,2772.8231726757513
1,2118.79352976849,56.22954034491542,3242.7394805333115
2,2082.694053680019,34.435868995335355,2844.278741678724
2,2515.118648872655,31.055424474108367,3569.8857479591497
4,2265.6843180542446,43.445376877151105,2897.289954865225
3,2282.601326664455,55.16678281184185,2828.5943647425183
1,2274.5654784927383,63.71766414441997,3544.8215469456654
3,2380.034289073831,44.40996105368295,2889.4161278385372
1,2121.2244510908026,62.288224904716735,3365.744969550425
3,1958.0256709717166,54.894947367278334,2684.238430368284
2,1800.3426988170872,59.27418443455825,3204.550511515508
2,2191.250299822553,41.236593627892105,3341.2733750004036
1,2424.9688947761674,50.254561922361006,3368.279102957
2,2139.8502880710034,47.04159532834545,3454.198240003615
3,2172.2541162743387,61.014658257395354,2742.1093466957223
3,2413.759945370782,77.908253603443,2966.09650555578
3,1970.1138793262626,68.09499486744286,2750.516502727955
4,2301.180723383099,30.259680602993555,2813.719139231958
4,2507.5217057493837,33.689719432479876,3234.4291676206626
3,2504.047291371362,6.209703449871462,2643.6957027637354
4,2284.4262385687093,58.772174390199694,2916.2560039905666
1,2091.8592648559415,68.95472082956687,3542.417357361499
3,1787.3082020773106,76.09125920464572,2529.5776971662103
3,2008.7553927206372,49.56012884074529,2613.0263923705393
1,2282.162543006296,49.38217004003385,3291.017833122716
4,2069.6289809155755,65.96216953585123,2514.2577078920726
3,2076.7362275113546,18.360445731352257,2532.1898227559413
2,2554.85775471335,67.8367954760919,4957.849490191766
4,1988.5947689804361,3.0092254045058127,2121.4741271348475
3,2116.6947978263056,30.241930978524973,2590.4711678135845
3,1920.7145263537873,69.42920925562785,2694.0552416134606
2,2528.651422175928,50.93418369871525,4286.021960730316
2,2598.999158432438,54.588548982563566,4557.623703243741
3,2287.042459571252,47.58740481600394,2777.0705676471343
4,1995.536349558185,41.92740620189308,2307.7497247666215
3,2094.0635881933986,104.71756750736283,2946.1169543011097
3,1975.253250075191,85.76426674260651,2830.9187295372567
4,1945.5223170410557,69.24964832345812,2331.201735623353
2,1979.144533025038,37.98669942456991,2696.260142669059
1,2211.5588324301575,52.623959866471026,3234.0975682322132
3,2205.342071585576,57.53867387255993,2732.55584410014
3,2304.9416985263283,49.3955666554606,2796.76086811978
1,2409.786816713658,42.88014113348205,3292.5544215573154
4,2229.7171927999148,50.286211937421676,2815.818225487063
1,2145.7755496800373,56.31704371462415,3253.5082001807573
3,2143.1646307355873,45.00599249647227,2606.144524709937
3,2034.2730182146727,54.92936370444861,2674.0149152229287
1,1836.9100901285647,21.001756740006563,2251.6423934955014
4,2342.457231533759,38.55112272929207,2917.53442008715
4,1827.9400262490042,48.087917502504745,2045.66639057094
3,1919.203471753388,30.56171267229506,2539.125692902805
1,2323.3984236443325,47.34059138339764,3275.415158495285
1,1954.1060217079234,59.83713887047632,3201.3106913083075
2,2494.696167796793,41.170945745413135,3791.721991049223
3,1868.088631710882,43.614787736805795,2484.2854770859467
1,1927.717891743308,70.22861670020352,3322.9497419334953
1,2113.406462484074,62.71677163703627,3404.729447058856
1,2059.0694047882666,44.26710063362782,2903.515770477073
4,2336.4014293103482,51.401022450099425,2993.9517583222355
2,2058.815844408621,79.2456574539604,4317.043557347866
3,2190.8027689774103,57.24038976281553,2801.3940776976124
4,2044.9801642500063,24.72086723704451,2344.5027287966695
3,2056.936373259618,16.109031350489403,2594.0117849998187
1,2332.6242768889574,33.10979406152697,3043.324107028811
1,2103.6949484001507,80.02018327020815,3703.8083071113624
1,2092.109510709761,32.421135386628734,2707.0781811790393
2,2331.3871557652537,63.63266364908684,4333.117240640714
3,2552.7548855306172,12.787336106707976,2769.301561294722
1,2539.054287675327,58.43429686558371,3652.31059009164
2,2071.7933594373917,50.26533877686117,3427.749880146568
3,2183.022022295301,42.2722532952217,2728.1900640160147
1,2099.0558262807003,69.47299126550486,3488.32966841547
3,2138.4678318934125,61.85683229624582,2857.2376937970284
1,2456.05918018273,48.62307769432133,3382.27506318875
1,2488.9466808484826,17.27358357158809,2908.9489141597564
4,2002.005277575583,51.64185948058188,2391.9299546435686
1,2278.3694903942046,55.425086042912646,3318.963182675974
2,2285.294201432278,45.42008714463853,3681.84421299962
1,2388.1593596342427,60.734906802927185,3576.456482830319
2,2504.5549869824513,56.483993278334935,4435.500393062133
3,2257.0175340333567,30.531285643264873,2639.427445274475
1,1929.0487212298522,40.464227397627454,2767.1668388975163
4,2179.319286491016,22.112225365655355,2453.656832940977
2,2172.613899239528,26.891639579152407,2772.239029077286
4,2038.6171647978488,55.1251575250539,2470.563284180983
3,2252.966869578449,24.482958254451862,2636.9314000209824
4,2116.2583546948445,65.6222132418894,2582.0439912734073
4,2466.419461356301,65.16265243118778,3294.2432194205303
3,2249.0044802474067,74.31197988571037,2896.362673546657
3,1925.3022741191626,40.95460258401915,2554.872700088525
1,2380.199961180143,61.960923517288364,3622.1854592840064
4,2211.3515501042325,71.10054519521464,2837.269614997494
2,2253.0343549903537,61.448448647342786,4060.601319093099
1,2521.8965455369635,45.219514950085895,3363.615719298461
3,2113.4230052891503,77.02452816730094,2872.646618006811
3,1949.6447034303371,42.42466117017075,2630.597663056255
1,2168.5080434118645,77.79078820729431,3671.691733751336
1,2253.8418930646644,49.071978894004914,3214.108208829425
4,1903.9576708406894,61.86136764647504,2256.3878393965742
2,2021.8964838040488,52.58527355018414,3398.1286971946724
3,2315.5513282458674,65.05817092995467,2901.6852671695237
1,2355.8614878030407,69.67743400748222,3702.681830330323
3,2520.241751706823,69.5103317849704,2997.0876442688573
3,1797.2566208723592,81.65186676087865,2697.718225582489
3,2179.8185947506895,44.95822482701011,2707.0421045987673
4,2089.621105451848,43.24995146909835,2521.1896412704295
3,2035.4361443761336,77.2457421233219,2821.9107779395977
2,2086.9887188601147,58.41396680657419,3706.593514289254
3,2007.6921286394124,56.118778624464476,2673.634268643267
2,2364.440469756177,57.66726940407602,4206.045448803302
2,2289.876209699592,69.31608966354219,4413.225407042242
1,2232.8896793227877,34.09774107398767,2916.8687236745095
4,2460.549189634982,24.706083824060322,3147.2323304579872
3,2085.640233086985,59.335937619739624,2679.523327299034
1,2726.117968337614,63.08643831869507,3994.4624315507162
1,2103.0789257850297,57.59366725680026,3315.5154595375034
3,2357.3216669057156,51.56060591440126,2860.2961257642837
4,2264.419837870866,31.051360889460685,2815.596090576622
3,2318.6087026556497,46.520990249529234,2774.2682056217614
4,2199.2340025060957,12.819479094112246,2602.3999344220665
1,2569.466901365632,11.96010392897805,2855.475223275697
4,2349.241704289519,84.66108169453906,3253.0827364584356
4,1916.8863716135907,43.54924276741206,2092.326207018032
4,2437.656845867886,59.426276313552705,3252.8034390993917
3,2511.413338284501,23.687567846023775,2764.792347110112
1,2341.635955068323,60.64153733445474,3538.9716734547087
1,2161.4494564003776,56.70721896349642,3308.6032321246994
1,2249.3874646848517,47.3645160674882,3271.0141600645093
3,2129.426128821787,8.208088867727518,2466.054715130783
3,2181.474869842282,20.190268713225738,2674.2110907232513
3,2232.433646138687,81.18608784364284,2859.021714438205
4,2286.930169388455,68.6148552285823,2947.5860061351173
2,2195.4604260195433,42.3865308607253,3308.533411474368
4,2247.0958735496974,38.22067892868538,2781.6184062494726
1,2235.632240284028,36.61896542973537,2963.4124132296283
3,2437.668235172888,49.958072891916515,2832.077159613383
3,2355.393269336442,41.69016333405877,2854.7333677302136
4,2682.5889199787293,64.80125960052392,3672.564863675202
1,2223.0850490241605,50.6408339463515,3248.6990590311057
4,2142.145743432259,78.630535693942,2817.3335977990682
2,1792.3893447603925,69.99264561130752,3565.7335354163156
3,2332.0299825390994,22.36258976557609,2702.0549315566755
3,2439.4241402616885,33.75016533542848,2780.352646511918
2,2320.3871090461275,37.60992917656825,3442.3735541861806
4,2525.023044657327,62.30714480813531,3441.5822863599005
1,2149.9451489869753,73.88736252561716,3754.3728244634535
3,2015.422876772988,75.63717738330948,2643.5181443028805
2,2269.3602840859794,81.37400131766546,4820.871793692349
4,2366.25701871431,27.88504311259702,2932.9881722409505
2,1965.108400433367,61.33782412859855,3594.638853416204
3,2222.945167736471,75.79369495887411,2966.6858181675602
4,1878.558409078354,55.10949242132865,2150.6902711634757
2,2384.898604742467,64.79084692307035,4489.815502258769
3,2056.1166298659714,57.79857524641009,2674.7153362609315
4,2547.2009197704206,50.60827663696578,3343.056987241848
4,2168.4900647506433,68.97628403356299,2763.029620985484
1,2051.963467008509,36.5946021378243,2754.632764594937
1,2338.5422367957817,46.59101619041386,3237.3181741426897
4,2006.0116372413768,45.51013125234665,2435.0348814837016
1,2114.192541829515,36.86922629106783,2865.127646469994
3,2195.5577963350506,56.44368642069947,2756.0355975071056
3,2267.1329248854754,70.76222877601583,2900.311596226244
3,2129.886459379696,8.449656856026706,2513.3515448670773
1,2137.4936952711164,31.5135131316092,2791.86434708084
1,2188.1153147417963,63.40281651985197,3542.6766106600753
1,2206.5648733409485,55.94000276074824,3343.473261968331
2,2221.010888161588,38.76889140275999,3305.223545033182
4,1940.4829690490158,56.10665622671378,2215.21725720813
3,1939.8963335144467,64.82634614869541,2720.6102541921496
4,2542.723857457953,55.752307472217865,3394.950255432343
4,2279.9153483618215,24.573584489496923,2739.410616166084
4,2612.424755826202,67.14109031827502,3603.3686428952615
1,1934.690108860524,58.22001828057187,3015.6548254619674
3,2098.442331467602,24.36496413375537,2402.3642074832237
4,2057.5772093646124,64.21552980536283,2536.709049283092
3,2159.7240155571903,53.568898418572374,2778.863761519239
2,2162.1325811837914,26.647714808296673,2717.446381047238
2,2080.744349506554,75.3948521556809,4196.365306063593
2,2002.580414764442,74.78437852094552,4094.279335810066
1,2211.7197339023505,71.57643121529858,3597.5489336965393
3,2364.4710888398595,74.5223281396684,2979.05714613451
2,2136.755178836025,36.29468181853732,3073.9928360405784
3,1933.8327324458023,76.18177938255005,2809.457843371242
1,2175.8195767849256,83.24497784951477,3779.7240289642596
2,2185.3316123457175,62.16061802423256,4078.3070616459945
3,2334.752179781997,72.19394621210203,2970.3397116205083
3,1883.1104848968678,73.59323267984095,2755.3629893787347
3,2042.3360539997138,87.6067459467616,2926.6331531758133
3,2476.255531443006,39.926145864104726,2776.762952108195
1,2086.80250786902,26.11997787909971,2576.541509943634
4,2379.2470758468903,54.04247132282959,3090.8745311294824
3,2353.9206467574377,76.77711204611097,2902.3296805952573
2,2369.401626001477,54.20503698742892,4024.814181148415
4,2055.9117681979874,45.92095652808183,2435.1746595159957
4,1846.8791247790273,17.068747896382646,1920.9544637901763
3,2223.499549755051,92.22789661036954,2991.4692613045463
4,2778.185464145482,60.20435367725547,3899.024528952731
4,2284.04968592322,73.51293213204016,3028.910592305375
4,2368.0859904041004,29.368992797280413,2978.6579359102016
2,2539.17421589573,30.906534272257712,3581.8639750956772
2,2063.7790954622674,68.62753579106605,4049.2760685637086
1,2393.7840308461136,46.45765840331245,3292.992533194255
3,2323.046666935907,76.63960332601593,2928.7433127748295
3,2023.640020618981,54.0034097390842,2730.8042016255376
2,2165.434912959783,28.911839695168624,2836.0304820286647
4,1990.4020462739732,50.55264182934328,2308.591772196885
2,2119.701185174543,48.65354269344898,3408.5250181262363
3,2264.2167766677558,58.639621726433724,2871.4414780588113
1,2518.7113787045428,61.676455227119064,3744.7751565939616
1,2090.631230121594,33.264321905332594,2816.923566781506
1,2107.558307254701,44.89710694321584,3009.472693628357
1,1985.8734486128676,53.28378522799928,3086.869819903897
3,2113.0403138749994,43.626102529266156,2693.447487229759
4,1467.8999468806928,73.25698069613756,1352.1040245988943
3,2487.7127023109274,59.83793558147567,2977.319230668501
2,1988.7530186690165,38.958441491035636,2760.6245936791593
1,2241.6587759662393,43.11470206486724,3193.2770157297023
3,1969.0699160579825,47.146460641967025,2617.6644959395658
3,2496.9508420188586,38.66213528489737,2833.544826080259
2,2348.860338512,53.3233730013105,4057.833461288824
1,2323.670778628304,40.81749761961256,3069.5390920795107
1,2301.7751835497775,44.10430761396043,3309.4840596397653
2,2222.9765471141714,53.2763273895564,3740.229640002475
4,2537.5944406229783,95.96283730764725,3642.219587232787
3,2217.937412061148,56.46047014157507,2771.3281733231934
1,2119.0958330602375,45.53466262638713,3035.7391507663006
2,2411.8707910411163,32.51036734810443,3423.2294683814343
3,1973.3434175007524,21.11925054825374,2484.4375725194404
4,2020.578325944277,61.7826019960597,2423.953036149537
1,2016.3793178032017,56.60920355031155,3157.4639781537626
4,2505.3182742133085,44.42677919621305,3342.5878585578625
1,2001.0851730549757,52.499675676536576,3123.227908988767
3,2435.7986211850825,56.931189683921204,2934.494219159378
2,2068.41421101909,63.66629419810026,3862.416501868757
3,2492.3936000278823,57.20517940201769,2990.313947149862
2,2299.8626086885097,80.19416395669509,4813.556141166286
4,2430.461574148599,27.409297328111354,3082.6151802706727
3,2267.9066698132347,36.595514644749144,2786.5866173764543
2,2374.6983682878295,62.2888544223854,4295.462194460208
4,2170.07295844252,42.53886921389381,2600.6728909812214
3,2054.779332100868,74.65286798207335,2827.2249669594958
1,2038.6633422252537,66.64414944174588,3373.894382229293
2,2593.508810495784,31.36029579558764,3615.0930652876386
3,2360.2402216889095,64.368095102672,2853.9099748576828
4,2245.5935654952054,13.593977401783704,2633.8188195231187
3,2341.8909603259513,28.30965092781598,2738.016435840894
4,1992.2860562543324,49.70303598648481,2354.4841554891755
2,2169.2736928225845,15.608540519090177,2312.4837719063835
3,2371.215295210293,8.955984173721319,2565.3083908908793
1,2166.2941633108658,41.20571781937877,2996.52245177633
2,1790.0156663051678,11.841604898017081,1516.554733746611
2,2220.7478971974238,35.74017444489361,3117.498813398014
1,2369.163037239606,77.96915416310895,3899.2385822105352
1,2020.1631234802198,65.30848167447066,3356.708651729795
1,2505.5070442271535,62.40762813601198,3739.632841356319
1,2546.1371029722413,38.26116218065462,3303.676170622978
3,2381.2598356933627,26.757732505638185,2754.7575414396624
4,1991.8381236942437,47.547413231708546,2415.6010866476863
3,2046.5790317054434,31.70079414372169,2570.3534120596028
4,1981.1128444253984,48.23201250337617,2298.6386248350004
1,2126.3325296670077,32.02351543001915,2778.769478295738
4,2480.2765495883255,66.76868200880288,3390.3953140453896
4,2283.5237615895476,44.75329265668508,2815.8647903018123
2,1918.1059022793065,63.85231590613123,3531.3119993914825
2,2410.2636608403736,48.163688671006085,3946.253805018291
2,2185.063212932573,60.58306146973436,3942.976465358231
4,2602.0011751139696,43.62026374271214,3413.0457029098334
1,2204.519272583153,58.84358454856532,3341.981169624938
1,2168.716723694104,92.81041202868792,4104.910367335106
3,2168.733562960626,52.169879303136966,2745.715200481622
1,2052.5391652868984,22.962939648966355,2500.8690516501256
3,2017.4984283586662,36.713638323682005,2573.660241317507
4,2437.929370223737,27.49504570824034,3021.012197423176
2,2113.540040688697,45.187011637100106,3300.526741112345
3,2339.9608738559214,9.465351248504618,2674.8062646303033
3,1691.1711119733773,81.74061216152802,2686.7514513907277
3,2069.0004578599383,46.580489664366304,2684.3262025219906
3,2449.7045421337903,74.80823546878919,2990.2170879792593
1,2134.294540491908,40.01704789024798,2922.5564399956647
2,2466.7210639688683,22.722588675806826,3200.9533252271763
1,2240.1411469395657,33.01734961320886,2829.4835144523645
1,2200.1249539386563,52.012641583155656,3238.7035327693065
1,2083.80687404355,65.4287666412943,3423.263335590312
1,2186.2230302577113,69.975229589722,3619.372504964782
4,2439.310338653771,64.7490920358484,3170.2766050606087
4,2142.055442048505,72.78907342676217,2735.6213240638704
3,2331.0254970262504,22.806388930782102,2680.0308802054747
2,2081.9855772324804,32.183875374103536,2816.753157566686
1,2114.2233918884344,56.27564890236542,3156.59966292613
4,1972.1756786059188,16.856559244268425,2252.512573632402
4,1865.8815732117696,67.31526732316854,2190.7807078542824
3,1890.8181367510144,58.68135274760005,2564.876619900208
3,1816.7838828421504,41.82348730779995,2598.8544195192935
4,2421.438997193223,46.49245910693052,3095.6909068758
1,2064.415723411166,73.31860702993714,3503.4835357394886
4,2338.4415616930023,35.01765523861199,3018.352629614938
2,1883.3061209953062,28.206281030190475,2231.5097550301944
2,2482.8919551827094,69.97328983396963,4881.814057160964
4,1746.850220068353,37.545254349582,1793.541776606702
4,2029.6782371679885,50.29210624500915,2412.425807678891
1,1955.8484789143179,51.910644239704894,3049.0480501161665
1,2003.266764116743,67.72524949499108,3302.236331609231
1,1970.2088215591602,33.968163221791436,2650.068291708143
1,1977.1202718900613,41.59792942836295,2943.575069986118
1,2566.0896934798725,23.860709095614002,3004.0537051369242
4,1867.743494270495,30.86350845859354,2053.3232856072214
4,2104.940550193,58.92537163915116,2531.9286787720384
2,2308.034882046815,59.389190397376886,4130.4798500020715
1,2228.422587967418,36.21821354414318,2992.3845477176556
1,2148.247072497845,30.93633578294054,2708.709054451552
1,1905.8735004529622,77.73014018034668,3427.0879877509606
4,1707.9949648894733,28.917960867959955,1753.3001321939228
2,2415.0830030537873,44.79351370704723,3877.505515617072
2,2003.4952830800546,54.74597315724402,3529.432761541948
4,2381.453690023243,56.62320525643203,3020.0721139864004
4,2101.0921217416694,57.79921935454223,2595.615361752176
3,1919.4472347795395,63.75778323939522,2672.5005929881027
1,2373.3851736591278,71.94935514272063,3826.2431139322944
4,1940.686148536775,29.589802078684375,2079.6623676594504
2,2377.869122236494,36.26162438744562,3533.6282714288345
4,2302.780377230107,63.280986271900616,3028.805940691166
1,1926.3450084589012,91.28158662732187,3760.2622239140546
2,2250.881749786546,43.316874583639525,3442.305990080841
1,2388.2736006156456,30.85213538622557,3055.043967327345
3,2106.200003510005,51.99982869691979,2598.997413674573
2,2152.2587498123867,89.85363038787408,4909.173293284351
4,2191.4184273655765,66.06747381438602,2861.394136276514
4,2484.933260971265,60.34648913803256,3362.9292855432486
4,2306.379228048463,27.965676933454162,2748.962323192235
1,2156.8719748552603,48.21250678937287,3206.952943934083
4,2302.2960377152162,92.78967409189534,3191.846076579872
4,2375.1111709260426,54.18400942840886,3102.836411273228
1,2426.7595905034395,40.13342434942493,3207.06781030067
